{
    "epochs": 3,
    "avg_batch_losses": [
        0.5899934902787208,
        0.5274746581912041,
        0.5207195773720741
    ],
    "training_losses": [
        0.606000483698315,
        0.5820897026194467,
        0.5625896781682969
    ],
    "test_losses": [
        0.571311776454632,
        0.5379473490592761,
        0.5750982417510107
    ],
    "test_accuracies": [
        0.7945990180032734,
        0.7970540098199672,
        0.7945990180032734
    ],
    "best_epoch": 1,
    "best_test_loss": 0.5379473490592761,
    "best_test_accuracy": 0.7970540098199672,
    "timestamp": "2025-10-19T13:49:15.931256"
}