{
    "epochs": 3,
    "avg_batch_losses": [
        0.34063264802098275,
        0.3374927654862404,
        0.317827745527029
    ],
    "training_losses": [
        0.5276695034570165,
        0.3448706047402488,
        0.3116105935639805
    ],
    "test_losses": [
        0.36889225320938307,
        0.3189309304341292,
        0.3054829870279019
    ],
    "test_accuracies": [
        0.8927986906710311,
        0.9034369885433715,
        0.9083469721767594
    ],
    "best_epoch": 2,
    "best_test_loss": 0.3054829870279019,
    "best_test_accuracy": 0.9083469721767594,
    "timestamp": "2025-10-19T13:49:16.012300"
}